/Users/gris/eclipse-workspace/uoy.mrs/TestCase3-var1/results/PrismFiles/Allocation1_0_(12, 29169)PM.mdp
/Users/gris/eclipse-workspace/uoy.mrs/TestCase3-var1/results/PrismFiles/Allocation1_0_(16, 30549)PM.mdp
/Users/gris/eclipse-workspace/uoy.mrs/TestCase3-var1/results/PrismFiles/Allocation1_0_(13, 1841)PM.mdp
/Users/gris/eclipse-workspace/uoy.mrs/TestCase3-var1/results/PrismFiles/Allocation1_0_(2, 25356)PM.mdp
/Users/gris/eclipse-workspace/uoy.mrs/TestCase3-var1/results/PrismFiles/Allocation1_0_(15, 29169)PM.mdp
/Users/gris/eclipse-workspace/uoy.mrs/TestCase3-var1/results/PrismFiles/Allocation1_0_(16, 1759)PM.mdp
/Users/gris/eclipse-workspace/uoy.mrs/TestCase3-var1/results/PrismFiles/Allocation2_0_(4, 161381)PM.mdp
/Users/gris/eclipse-workspace/uoy.mrs/TestCase3-var1/results/PrismFiles/Allocation2_0_(1, 186580)PM.mdp
/Users/gris/eclipse-workspace/uoy.mrs/TestCase3-var1/results/PrismFiles/Allocation2_0_(5, 342918)PM.mdp
/Users/gris/eclipse-workspace/uoy.mrs/TestCase3-var1/results/PrismFiles/Allocation2_0_(4, 161381)PM.mdp
/Users/gris/eclipse-workspace/uoy.mrs/TestCase3-var1/results/PrismFiles/Allocation2_0_(1, 186580)PM.mdp
/Users/gris/eclipse-workspace/uoy.mrs/TestCase3-var1/results/PrismFiles/Allocation3_0_(21734, 3)PM.mdp
/Users/gris/eclipse-workspace/uoy.mrs/TestCase3-var1/results/PrismFiles/Allocation3_0_(151388, 4)PM.mdp
/Users/gris/eclipse-workspace/uoy.mrs/TestCase3-var1/results/PrismFiles/Allocation3_0_(232136, 1)PM.mdp
/Users/gris/eclipse-workspace/uoy.mrs/TestCase3-var1/results/PrismFiles/Allocation4_0_(240, 38)PM.mdp
/Users/gris/eclipse-workspace/uoy.mrs/TestCase3-var1/results/PrismFiles/Allocation4_0_(242, 571)PM.mdp
/Users/gris/eclipse-workspace/uoy.mrs/TestCase3-var1/results/PrismFiles/Allocation4_0_(13, 83)PM.mdp
/Users/gris/eclipse-workspace/uoy.mrs/TestCase3-var1/results/PrismFiles/Allocation5_0_(20715, 4)PM.mdp
/Users/gris/eclipse-workspace/uoy.mrs/TestCase3-var1/results/PrismFiles/Allocation5_0_(18833, 7)PM.mdp
/Users/gris/eclipse-workspace/uoy.mrs/TestCase3-var1/results/PrismFiles/Allocation5_0_(22402, 8)PM.mdp
/Users/gris/eclipse-workspace/uoy.mrs/TestCase3-var1/results/PrismFiles/Allocation5_0_(33622, 22)PM.mdp
/Users/gris/eclipse-workspace/uoy.mrs/TestCase3-var1/results/PrismFiles/Allocation5_0_(24169, 9)PM.mdp
/Users/gris/eclipse-workspace/uoy.mrs/TestCase3-var1/results/PrismFiles/Allocation5_0_(17763, 7)PM.mdp
/Users/gris/eclipse-workspace/uoy.mrs/TestCase3-var1/results/PrismFiles/Allocation5_0_(30511, 0)PM.mdp
/Users/gris/eclipse-workspace/uoy.mrs/TestCase3-var1/results/PrismFiles/Allocation7_0_(3776, 12)PM.mdp
/Users/gris/eclipse-workspace/uoy.mrs/TestCase3-var1/results/PrismFiles/Allocation7_0_(3606, 19)PM.mdp
/Users/gris/eclipse-workspace/uoy.mrs/TestCase3-var1/results/PrismFiles/Allocation7_0_(2306, 8)PM.mdp
/Users/gris/eclipse-workspace/uoy.mrs/TestCase3-var1/results/PrismFiles/Allocation7_0_(2546, 84)PM.mdp
/Users/gris/eclipse-workspace/uoy.mrs/TestCase3-var1/results/PrismFiles/Allocation7_0_(2340, 84)PM.mdp
/Users/gris/eclipse-workspace/uoy.mrs/TestCase3-var1/results/PrismFiles/Allocation7_0_(4064, 115)PM.mdp
/Users/gris/eclipse-workspace/uoy.mrs/TestCase3-var1/results/PrismFiles/Allocation7_0_(4239, 112)PM.mdp
/Users/gris/eclipse-workspace/uoy.mrs/TestCase3-var1/results/PrismFiles/Allocation8_0_(34, 755)PM.mdp
/Users/gris/eclipse-workspace/uoy.mrs/TestCase3-var1/results/PrismFiles/Allocation8_0_(102, 1056)PM.mdp
/Users/gris/eclipse-workspace/uoy.mrs/TestCase3-var1/results/PrismFiles/Allocation8_0_(111, 4464)PM.mdp
/Users/gris/eclipse-workspace/uoy.mrs/TestCase3-var1/results/PrismFiles/Allocation8_0_(110, 341)PM.mdp
/Users/gris/eclipse-workspace/uoy.mrs/TestCase3-var1/results/PrismFiles/Allocation8_0_(34, 755)PM.mdp
