/Users/gris/eclipse-workspace/uoy.mrs/TestCase2-var1/results/PrismFiles/Allocation1_0_(3, 3)PM.mdp
/Users/gris/eclipse-workspace/uoy.mrs/TestCase2-var1/results/PrismFiles/Allocation1_0_(4, 4)PM.mdp
/Users/gris/eclipse-workspace/uoy.mrs/TestCase2-var1/results/PrismFiles/Allocation1_0_(1, 1)PM.mdp
/Users/gris/eclipse-workspace/uoy.mrs/TestCase2-var1/results/PrismFiles/Allocation1_0_(3, 3)PM.mdp
/Users/gris/eclipse-workspace/uoy.mrs/TestCase2-var1/results/PrismFiles/Allocation1_0_(2, 2)PM.mdp
/Users/gris/eclipse-workspace/uoy.mrs/TestCase2-var1/results/PrismFiles/Allocation1_0_(2, 2)PM.mdp
/Users/gris/eclipse-workspace/uoy.mrs/TestCase2-var1/results/PrismFiles/Allocation1_0_(3, 3)PM.mdp
/Users/gris/eclipse-workspace/uoy.mrs/TestCase2-var1/results/PrismFiles/Allocation1_0_(0, 0)PM.mdp
/Users/gris/eclipse-workspace/uoy.mrs/TestCase2-var1/results/PrismFiles/Allocation1_0_(3, 3)PM.mdp
/Users/gris/eclipse-workspace/uoy.mrs/TestCase2-var1/results/PrismFiles/Allocation1_0_(3, 3)PM.mdp
/Users/gris/eclipse-workspace/uoy.mrs/TestCase2-var1/results/PrismFiles/Allocation1_0_(5, 5)PM.mdp
/Users/gris/eclipse-workspace/uoy.mrs/TestCase2-var1/results/PrismFiles/Allocation1_0_(4, 4)PM.mdp
/Users/gris/eclipse-workspace/uoy.mrs/TestCase2-var1/results/PrismFiles/Allocation1_0_(0, 0)PM.mdp
/Users/gris/eclipse-workspace/uoy.mrs/TestCase2-var1/results/PrismFiles/Allocation1_0_(4, 4)PM.mdp
/Users/gris/eclipse-workspace/uoy.mrs/TestCase2-var1/results/PrismFiles/Allocation1_0_(0, 0)PM.mdp
/Users/gris/eclipse-workspace/uoy.mrs/TestCase2-var1/results/PrismFiles/Allocation1_0_(4, 4)PM.mdp
/Users/gris/eclipse-workspace/uoy.mrs/TestCase2-var1/results/PrismFiles/Allocation1_0_(2, 2)PM.mdp
